

<feed xmlns="http://www.w3.org/2005/Atom">
  <id>http://localhost:4000/</id>
  <title>bastian-online Blog</title>
  <subtitle>Ein Blog voller interessanter Themen &amp; sorgfältig recherchierter Information.</subtitle>
  <updated>2022-11-05T23:20:09+01:00</updated>
  <author>
    <name>Hannes Bastian</name>
    <uri>http://localhost:4000/</uri>
  </author>
  <link rel="self" type="application/atom+xml" href="http://localhost:4000/feed.xml"/>
  <link rel="alternate" type="text/html" hreflang="de-DE"
    href="http://localhost:4000/"/>
  <generator uri="https://jekyllrb.com/" version="4.2.2">Jekyll</generator>
  <rights> © 2022 Hannes Bastian </rights>
  <icon>/assets/img/favicons/favicon.ico</icon>
  <logo>/assets/img/favicons/favicon-96x96.png</logo>


  
  <entry>
    <title>Der Wald &amp; der Müll</title>
    <link href="http://localhost:4000/posts/derwald&amp;derm%C3%BCll-blogeintrag0001/" rel="alternate" type="text/html" title="Der Wald &amp; der Müll" />
    <published>2022-08-01T16:00:00+01:00</published>
  
    <updated>2022-08-01T16:00:00+01:00</updated>
  
    <id>http://localhost:4000/posts/derwald&amp;derm%C3%BCll-blogeintrag0001/</id>
    <content src="http://localhost:4000/posts/derwald&amp;derm%C3%BCll-blogeintrag0001/" />
    <author>
      <name>Hannes Bastian</name>
    </author>

  
    
    <category term="wald" />
    
    <category term="müll" />
    
    <category term="umwelt" />
    
    <category term="nachhaltig" />
    
  

  
    <summary>
      





      Der Wald &amp;amp; der Müll

Es gehört leider mittlerweile zu fast jedem Waldspaziergang, neben Laub &amp;amp; Holzstückle: Unrat, Abfall oder wie ihn die meisten wohl nennen werden: Abfall. Und der liegt da nicht erst seit gestern. Wissen wir. Und der wird da noch ewig liegen bleiben. Wissen wir. Und der wird in den wenigsten Fällen wieder aufgesammelt und recycelt. Wissen wir. Und wir wissen, dass so...
    </summary>
  

  </entry>

</feed>


